,timestamp,service,level,message
0,2026-06-29 17:01:00,recommendation-api,INFO,Successfully retrieved user cohort matching metrics for processing.
1,2026-06-29 17:02:00,recommendation-api,INFO,Successfully retrieved user cohort matching metrics for processing.
2,2026-06-29 17:03:00,recommendation-api,INFO,Successfully retrieved user cohort matching metrics for processing.
3,2026-06-29 17:09:00,recommendation-api,INFO,Successfully retrieved user cohort matching metrics for processing.
4,2026-06-29 17:13:00,recommendation-api,INFO,Successfully retrieved user cohort matching metrics for processing.
5,2026-06-29 17:15:00,recommendation-api,INFO,Recommendation Model v2.1 initialization starting on cluster nodes.
6,2026-06-29 17:15:00,recommendation-cache,INFO,Updating internal properties configuration map parameters. Cache TTL updated to 7200 seconds.
7,2026-06-29 17:15:00,recommendation-api,INFO,Deployment successful. Pipeline model container execution healthy.
8,2026-06-29 17:46:00,recommendation-api,INFO,Handling user recommendation delivery block array construction parameters.
9,2026-06-29 17:48:00,recommendation-api,INFO,Handling user recommendation delivery block array construction parameters.
10,2026-06-29 17:51:00,recommendation-api,INFO,Handling user recommendation delivery block array construction parameters.
11,2026-06-29 17:55:00,recommendation-cache,INFO,Refreshing recommendation features ahead of standard validation window bounds.
12,2026-06-29 18:01:00,recommendation-cache,INFO,Refreshing recommendation features ahead of standard validation window bounds.
13,2026-06-29 18:02:00,recommendation-cache,INFO,Refreshing recommendation features ahead of standard validation window bounds.
14,2026-06-29 18:03:00,recommendation-cache,INFO,Refreshing recommendation features ahead of standard validation window bounds.
15,2026-06-29 18:05:00,recommendation-cache,INFO,Refreshing recommendation features ahead of standard validation window bounds.
16,2026-06-29 18:07:00,recommendation-api,INFO,Handling user recommendation delivery block array construction parameters.
17,2026-06-29 18:07:00,recommendation-cache,INFO,Refreshing recommendation features ahead of standard validation window bounds.
18,2026-06-29 18:10:00,recommendation-cache,INFO,Refreshing recommendation features ahead of standard validation window bounds.
19,2026-06-29 18:11:00,recommendation-api,INFO,Handling user recommendation delivery block array construction parameters.
20,2026-06-29 18:15:00,recommendation-api,INFO,Handling user recommendation delivery block array construction parameters.
21,2026-06-29 18:17:00,recommendation-cache,INFO,Refreshing recommendation features ahead of standard validation window bounds.
22,2026-06-29 18:19:00,recommendation-api,INFO,Handling user recommendation delivery block array construction parameters.
23,2026-06-29 18:21:00,recommendation-cache,INFO,Refreshing recommendation features ahead of standard validation window bounds.
24,2026-06-29 18:30:00,recommendation-cache,INFO,Refreshing recommendation features asynchronously via worker background thread pool.
25,2026-06-29 18:33:00,recommendation-cache,INFO,Refreshing recommendation features asynchronously via worker background thread pool.
26,2026-06-29 18:34:00,recommendation-cache,INFO,Refreshing recommendation features asynchronously via worker background thread pool.
27,2026-06-29 18:38:00,recommendation-cache,INFO,Refreshing recommendation features asynchronously via worker background thread pool.
28,2026-06-29 18:39:00,recommendation-db,WARN,Slow query detected inside core catalog metadata assignment index tables.
29,2026-06-29 18:40:00,recommendation-cache,WARN,Cache miss event triggered sequence execution fallback pipelines.
30,2026-06-29 18:44:00,recommendation-cache,INFO,Refreshing recommendation features asynchronously via worker background thread pool.
31,2026-06-29 18:45:00,recommendation-cache,INFO,Refreshing recommendation features asynchronously via worker background thread pool.
32,2026-06-29 18:48:00,recommendation-cache,INFO,Refreshing recommendation features asynchronously via worker background thread pool.
33,2026-06-29 18:49:00,recommendation-cache,INFO,Refreshing recommendation features asynchronously via worker background thread pool.
34,2026-06-29 18:52:00,recommendation-cache,WARN,Cache refresh timeout during persistence operation lifecycle validation chains.
35,2026-06-29 18:52:00,recommendation-api,WARN,Retrying recommendation fetch sequence due to downstream latency limits.
36,2026-06-29 18:55:00,recommendation-api,ERROR,Recommendation request timeout waiting for candidate catalog array hydration maps.
37,2026-06-29 18:56:00,recommendation-db,ERROR,Write timeout encountered on transactional profile persistence tracking queues.
38,2026-06-29 18:57:00,recommendation-cache,ERROR,Cache refresh queue length exceeded internal maximum threshold parameters.
40,2026-06-29 18:58:00,recommendation-api,ERROR,Failed to retrieve recommendation features from backing tier operational structures.
39,2026-06-29 18:58:00,recommendation-db,ERROR,Write timeout encountered on transactional profile persistence tracking queues.
41,2026-06-29 19:00:00,recommendation-db,ERROR,Write timeout encountered on transactional profile persistence tracking queues.
42,2026-06-29 19:01:00,recommendation-cache,ERROR,Cache refresh queue length exceeded internal maximum threshold parameters.
43,2026-06-29 19:03:00,recommendation-api,ERROR,Failed to retrieve recommendation features from backing tier operational structures.
44,2026-06-29 19:04:00,recommendation-api,ERROR,Recommendation request timeout waiting for candidate catalog array hydration maps.
45,2026-06-29 19:04:00,recommendation-api,ERROR,Failed to retrieve recommendation features from backing tier operational structures.
46,2026-06-29 19:05:00,recommendation-db,ERROR,Maximum connections reached: cannot allocate transaction pipeline threads to worker blocks.
47,2026-06-29 19:05:00,recommendation-api,ERROR,Recommendation request timeout occurred during multi-stage processing execution pipeline threads.
48,2026-06-29 19:06:00,recommendation-api,ERROR,Recommendation request timeout occurred during multi-stage processing execution pipeline threads.
49,2026-06-29 19:08:00,recommendation-api,ERROR,Recommendation request timeout occurred during multi-stage processing execution pipeline threads.
50,2026-06-29 19:09:00,recommendation-db,ERROR,Connection pool exhausted on master application database clusters.
52,2026-06-29 19:10:00,recommendation-api,ERROR,Recommendation request timeout occurred during multi-stage processing execution pipeline threads.
51,2026-06-29 19:10:00,recommendation-db,ERROR,Maximum connections reached: cannot allocate transaction pipeline threads to worker blocks.
53,2026-06-29 19:10:00,recommendation-cache,ERROR,Cache miss processing chain execution stalled due to downstream service connection drops.
55,2026-06-29 19:13:00,recommendation-db,ERROR,Connection pool exhausted on master application database clusters.
54,2026-06-29 19:13:00,recommendation-db,ERROR,Maximum connections reached: cannot allocate transaction pipeline threads to worker blocks.
56,2026-06-29 19:15:00,recommendation-api,ERROR,Recommendation request timeout occurred during multi-stage processing execution pipeline threads.
57,2026-06-29 19:16:00,recommendation-db,ERROR,Connection pool exhausted on master application database clusters.
58,2026-06-29 19:16:00,recommendation-api,ERROR,Recommendation request timeout occurred during multi-stage processing execution pipeline threads.
59,2026-06-29 19:17:00,recommendation-api,ERROR,Recommendation request timeout occurred during multi-stage processing execution pipeline threads.
60,2026-06-29 19:18:00,recommendation-db,ERROR,Maximum connections reached: cannot allocate transaction pipeline threads to worker blocks.
61,2026-06-29 19:19:00,recommendation-api,ERROR,Recommendation request timeout occurred during multi-stage processing execution pipeline threads.
62,2026-06-29 19:20:00,recommendation-db,ERROR,Maximum connections reached: cannot allocate transaction pipeline threads to worker blocks.
63,2026-06-29 19:21:00,recommendation-api,ERROR,Recommendation request timeout occurred during multi-stage processing execution pipeline threads.
64,2026-06-29 19:22:00,recommendation-db,ERROR,Connection pool exhausted on master application database clusters.
65,2026-06-29 19:22:00,recommendation-api,ERROR,Recommendation request timeout occurred during multi-stage processing execution pipeline threads.
68,2026-06-29 19:23:00,recommendation-api,ERROR,Recommendation request timeout occurred during multi-stage processing execution pipeline threads.
69,2026-06-29 19:23:00,recommendation-cache,ERROR,Cache miss processing chain execution stalled due to downstream service connection drops.
67,2026-06-29 19:23:00,recommendation-db,ERROR,Connection pool exhausted on master application database clusters.
66,2026-06-29 19:23:00,recommendation-db,ERROR,Maximum connections reached: cannot allocate transaction pipeline threads to worker blocks.
70,2026-06-29 19:24:00,recommendation-db,ERROR,Maximum connections reached: cannot allocate transaction pipeline threads to worker blocks.
71,2026-06-29 19:24:00,recommendation-api,ERROR,Recommendation request timeout occurred during multi-stage processing execution pipeline threads.
72,2026-06-29 19:25:00,recommendation-db,ERROR,Maximum connections reached: cannot allocate transaction pipeline threads to worker blocks.
73,2026-06-29 19:25:00,recommendation-api,ERROR,Recommendation request timeout occurred during multi-stage processing execution pipeline threads.
74,2026-06-29 19:26:00,recommendation-db,ERROR,Connection pool exhausted on master application database clusters.
75,2026-06-29 19:27:00,recommendation-db,ERROR,Maximum connections reached: cannot allocate transaction pipeline threads to worker blocks.
76,2026-06-29 19:27:00,recommendation-api,ERROR,Recommendation request timeout occurred during multi-stage processing execution pipeline threads.
77,2026-06-29 19:29:00,recommendation-api,ERROR,Recommendation request timeout occurred during multi-stage processing execution pipeline threads.
78,2026-06-29 19:30:00,recommendation-db,ERROR,Maximum connections reached: cannot allocate transaction pipeline threads to worker blocks.
79,2026-06-29 19:33:00,recommendation-db,ERROR,Maximum connections reached: cannot allocate transaction pipeline threads to worker blocks.
80,2026-06-29 19:33:00,recommendation-cache,ERROR,Cache miss processing chain execution stalled due to downstream service connection drops.
81,2026-06-29 19:34:00,recommendation-db,ERROR,Maximum connections reached: cannot allocate transaction pipeline threads to worker blocks.
82,2026-06-29 19:34:00,recommendation-api,ERROR,Recommendation request timeout occurred during multi-stage processing execution pipeline threads.
83,2026-06-29 19:35:00,recommendation-db,ERROR,Connection pool exhausted on master application database clusters.
84,2026-06-29 19:36:00,recommendation-cache,ERROR,Cache miss processing chain execution stalled due to downstream service connection drops.
85,2026-06-29 19:37:00,recommendation-db,ERROR,Connection pool exhausted on master application database clusters.
86,2026-06-29 19:37:00,recommendation-api,ERROR,Recommendation request timeout occurred during multi-stage processing execution pipeline threads.
87,2026-06-29 19:38:00,recommendation-db,ERROR,Maximum connections reached: cannot allocate transaction pipeline threads to worker blocks.
88,2026-06-29 19:38:00,recommendation-db,ERROR,Connection pool exhausted on master application database clusters.
89,2026-06-29 19:38:00,recommendation-api,ERROR,Recommendation request timeout occurred during multi-stage processing execution pipeline threads.
90,2026-06-29 19:39:00,recommendation-db,ERROR,Connection pool exhausted on master application database clusters.
91,2026-06-29 19:39:00,recommendation-api,ERROR,Recommendation request timeout occurred during multi-stage processing execution pipeline threads.
92,2026-06-29 19:39:00,recommendation-cache,ERROR,Cache miss processing chain execution stalled due to downstream service connection drops.
93,2026-06-29 19:40:00,recommendation-api,ERROR,Recommendation request timeout occurred during multi-stage processing execution pipeline threads.
94,2026-06-29 19:42:00,recommendation-db,ERROR,Maximum connections reached: cannot allocate transaction pipeline threads to worker blocks.
95,2026-06-29 19:43:00,recommendation-api,ERROR,Recommendation request timeout occurred during multi-stage processing execution pipeline threads.
96,2026-06-29 19:44:00,recommendation-db,ERROR,Maximum connections reached: cannot allocate transaction pipeline threads to worker blocks.
97,2026-06-29 19:46:00,recommendation-api,ERROR,Recommendation request timeout occurred during multi-stage processing execution pipeline threads.
98,2026-06-29 19:47:00,recommendation-db,ERROR,Connection pool exhausted on master application database clusters.
99,2026-06-29 19:47:00,recommendation-cache,ERROR,Cache miss processing chain execution stalled due to downstream service connection drops.
100,2026-06-29 19:48:00,recommendation-db,ERROR,Maximum connections reached: cannot allocate transaction pipeline threads to worker blocks.
101,2026-06-29 19:48:00,recommendation-api,ERROR,Recommendation request timeout occurred during multi-stage processing execution pipeline threads.
102,2026-06-29 19:49:00,recommendation-api,ERROR,Recommendation request timeout occurred during multi-stage processing execution pipeline threads.
103,2026-06-29 19:49:00,recommendation-cache,ERROR,Cache miss processing chain execution stalled due to downstream service connection drops.
104,2026-06-29 19:52:00,recommendation-db,ERROR,Maximum connections reached: cannot allocate transaction pipeline threads to worker blocks.
105,2026-06-29 19:52:00,recommendation-db,ERROR,Connection pool exhausted on master application database clusters.
106,2026-06-29 19:53:00,recommendation-db,ERROR,Maximum connections reached: cannot allocate transaction pipeline threads to worker blocks.
107,2026-06-29 19:54:00,recommendation-db,ERROR,Maximum connections reached: cannot allocate transaction pipeline threads to worker blocks.
108,2026-06-29 19:54:00,recommendation-api,ERROR,Recommendation request timeout occurred during multi-stage processing execution pipeline threads.
110,2026-06-29 19:55:00,recommendation-db,ERROR,Connection pool exhausted on master application database clusters.
109,2026-06-29 19:55:00,recommendation-db,ERROR,Maximum connections reached: cannot allocate transaction pipeline threads to worker blocks.
111,2026-06-29 19:55:00,recommendation-api,ERROR,Recommendation request timeout occurred during multi-stage processing execution pipeline threads.
112,2026-06-29 19:56:00,recommendation-cache,ERROR,Cache miss processing chain execution stalled due to downstream service connection drops.
113,2026-06-29 19:57:00,recommendation-db,ERROR,Maximum connections reached: cannot allocate transaction pipeline threads to worker blocks.
114,2026-06-29 19:58:00,recommendation-db,ERROR,Maximum connections reached: cannot allocate transaction pipeline threads to worker blocks.
115,2026-06-29 19:58:00,recommendation-api,ERROR,Recommendation request timeout occurred during multi-stage processing execution pipeline threads.
116,2026-06-29 19:58:00,recommendation-cache,ERROR,Cache miss processing chain execution stalled due to downstream service connection drops.
117,2026-06-29 19:59:00,recommendation-db,ERROR,Maximum connections reached: cannot allocate transaction pipeline threads to worker blocks.
118,2026-06-29 19:59:00,recommendation-api,ERROR,Recommendation request timeout occurred during multi-stage processing execution pipeline threads.
119,2026-06-29 20:00:00,recommendation-db,ERROR,Maximum connections reached: cannot allocate transaction pipeline threads to worker blocks.
120,2026-06-29 20:00:00,recommendation-api,ERROR,Recommendation request timeout occurred during multi-stage processing execution pipeline threads.
121,2026-06-29 20:01:00,recommendation-api,ERROR,Recommendation request timeout occurred during multi-stage processing execution pipeline threads.
122,2026-06-29 20:02:00,recommendation-db,ERROR,Maximum connections reached: cannot allocate transaction pipeline threads to worker blocks.
123,2026-06-29 20:02:00,recommendation-api,ERROR,Recommendation request timeout occurred during multi-stage processing execution pipeline threads.
124,2026-06-29 20:03:00,recommendation-api,ERROR,Recommendation request timeout occurred during multi-stage processing execution pipeline threads.
125,2026-06-29 20:04:00,recommendation-db,ERROR,Maximum connections reached: cannot allocate transaction pipeline threads to worker blocks.
126,2026-06-29 20:05:00,recommendation-api,ERROR,Recommendation request timeout occurred during multi-stage processing execution pipeline threads.
127,2026-06-29 20:06:00,recommendation-db,ERROR,Maximum connections reached: cannot allocate transaction pipeline threads to worker blocks.
128,2026-06-29 20:06:00,recommendation-api,ERROR,Recommendation request timeout occurred during multi-stage processing execution pipeline threads.
129,2026-06-29 20:06:00,recommendation-cache,ERROR,Cache miss processing chain execution stalled due to downstream service connection drops.
130,2026-06-29 20:07:00,recommendation-db,ERROR,Maximum connections reached: cannot allocate transaction pipeline threads to worker blocks.
131,2026-06-29 20:07:00,recommendation-db,ERROR,Connection pool exhausted on master application database clusters.
132,2026-06-29 20:08:00,recommendation-db,ERROR,Connection pool exhausted on master application database clusters.
133,2026-06-29 20:08:00,recommendation-api,ERROR,Recommendation request timeout occurred during multi-stage processing execution pipeline threads.
134,2026-06-29 20:09:00,recommendation-db,ERROR,Maximum connections reached: cannot allocate transaction pipeline threads to worker blocks.
135,2026-06-29 20:10:00,recommendation-db,ERROR,Connection pool exhausted on master application database clusters.
136,2026-06-29 20:10:00,recommendation-api,ERROR,Recommendation request timeout occurred during multi-stage processing execution pipeline threads.
137,2026-06-29 20:11:00,recommendation-api,ERROR,Recommendation request timeout occurred during multi-stage processing execution pipeline threads.
138,2026-06-29 20:12:00,recommendation-db,ERROR,Connection pool exhausted on master application database clusters.
139,2026-06-29 20:12:00,recommendation-api,ERROR,Recommendation request timeout occurred during multi-stage processing execution pipeline threads.
140,2026-06-29 20:13:00,recommendation-db,ERROR,Maximum connections reached: cannot allocate transaction pipeline threads to worker blocks.
141,2026-06-29 20:14:00,recommendation-db,ERROR,Maximum connections reached: cannot allocate transaction pipeline threads to worker blocks.
142,2026-06-29 20:14:00,recommendation-api,ERROR,Recommendation request timeout occurred during multi-stage processing execution pipeline threads.
143,2026-06-29 20:15:00,recommendation-db,ERROR,Maximum connections reached: cannot allocate transaction pipeline threads to worker blocks.
144,2026-06-29 20:15:00,recommendation-api,ERROR,Recommendation request timeout occurred during multi-stage processing execution pipeline threads.
145,2026-06-29 20:16:00,recommendation-db,ERROR,Maximum connections reached: cannot allocate transaction pipeline threads to worker blocks.
146,2026-06-29 20:17:00,recommendation-db,ERROR,Maximum connections reached: cannot allocate transaction pipeline threads to worker blocks.
147,2026-06-29 20:17:00,recommendation-db,ERROR,Connection pool exhausted on master application database clusters.
148,2026-06-29 20:17:00,recommendation-cache,ERROR,Cache miss processing chain execution stalled due to downstream service connection drops.
149,2026-06-29 20:18:00,recommendation-db,ERROR,Maximum connections reached: cannot allocate transaction pipeline threads to worker blocks.
150,2026-06-29 20:18:00,recommendation-api,ERROR,Recommendation request timeout occurred during multi-stage processing execution pipeline threads.
151,2026-06-29 20:18:00,recommendation-cache,ERROR,Cache miss processing chain execution stalled due to downstream service connection drops.
153,2026-06-29 20:19:00,recommendation-db,ERROR,Connection pool exhausted on master application database clusters.
154,2026-06-29 20:19:00,recommendation-cache,ERROR,Cache miss processing chain execution stalled due to downstream service connection drops.
152,2026-06-29 20:19:00,recommendation-db,ERROR,Maximum connections reached: cannot allocate transaction pipeline threads to worker blocks.
155,2026-06-29 20:20:00,recommendation-db,ERROR,Maximum connections reached: cannot allocate transaction pipeline threads to worker blocks.
156,2026-06-29 20:20:00,recommendation-db,ERROR,Connection pool exhausted on master application database clusters.
157,2026-06-29 20:21:00,recommendation-db,ERROR,Connection pool exhausted on master application database clusters.
158,2026-06-29 20:21:00,recommendation-api,ERROR,Recommendation request timeout occurred during multi-stage processing execution pipeline threads.
159,2026-06-29 20:22:00,recommendation-db,ERROR,Maximum connections reached: cannot allocate transaction pipeline threads to worker blocks.
160,2026-06-29 20:22:00,recommendation-db,ERROR,Connection pool exhausted on master application database clusters.
161,2026-06-29 20:22:00,recommendation-api,ERROR,Recommendation request timeout occurred during multi-stage processing execution pipeline threads.
162,2026-06-29 20:22:00,recommendation-cache,ERROR,Cache miss processing chain execution stalled due to downstream service connection drops.
163,2026-06-29 20:24:00,recommendation-db,ERROR,Maximum connections reached: cannot allocate transaction pipeline threads to worker blocks.
164,2026-06-29 20:24:00,recommendation-api,ERROR,Recommendation request timeout occurred during multi-stage processing execution pipeline threads.
165,2026-06-29 20:25:00,recommendation-db,ERROR,Maximum connections reached: cannot allocate transaction pipeline threads to worker blocks.
166,2026-06-29 20:25:00,recommendation-api,ERROR,Recommendation request timeout occurred during multi-stage processing execution pipeline threads.
167,2026-06-29 20:26:00,recommendation-cache,ERROR,Cache miss processing chain execution stalled due to downstream service connection drops.
168,2026-06-29 20:27:00,recommendation-db,ERROR,Maximum connections reached: cannot allocate transaction pipeline threads to worker blocks.
169,2026-06-29 20:28:00,recommendation-db,ERROR,Maximum connections reached: cannot allocate transaction pipeline threads to worker blocks.
170,2026-06-29 20:29:00,recommendation-db,ERROR,Connection pool exhausted on master application database clusters.
171,2026-06-29 20:30:00,recommendation-db,ERROR,Maximum connections reached: cannot allocate transaction pipeline threads to worker blocks.
172,2026-06-29 20:30:00,recommendation-api,ERROR,Recommendation request timeout occurred during multi-stage processing execution pipeline threads.
173,2026-06-29 20:31:00,recommendation-api,ERROR,Recommendation request timeout occurred during multi-stage processing execution pipeline threads.
174,2026-06-29 20:32:00,recommendation-db,ERROR,Maximum connections reached: cannot allocate transaction pipeline threads to worker blocks.
175,2026-06-29 20:32:00,recommendation-db,ERROR,Connection pool exhausted on master application database clusters.
176,2026-06-29 20:32:00,recommendation-api,ERROR,Recommendation request timeout occurred during multi-stage processing execution pipeline threads.
177,2026-06-29 20:33:00,recommendation-cache,ERROR,Cache miss processing chain execution stalled due to downstream service connection drops.
178,2026-06-29 20:34:00,recommendation-db,ERROR,Maximum connections reached: cannot allocate transaction pipeline threads to worker blocks.
179,2026-06-29 20:34:00,recommendation-db,ERROR,Connection pool exhausted on master application database clusters.
180,2026-06-29 20:34:00,recommendation-api,ERROR,Recommendation request timeout occurred during multi-stage processing execution pipeline threads.
181,2026-06-29 20:35:00,recommendation-api,ERROR,Recommendation request timeout occurred during multi-stage processing execution pipeline threads.
183,2026-06-29 20:36:00,recommendation-db,ERROR,Connection pool exhausted on master application database clusters.
182,2026-06-29 20:36:00,recommendation-db,ERROR,Maximum connections reached: cannot allocate transaction pipeline threads to worker blocks.
184,2026-06-29 20:37:00,recommendation-db,ERROR,Maximum connections reached: cannot allocate transaction pipeline threads to worker blocks.
185,2026-06-29 20:37:00,recommendation-api,ERROR,Recommendation request timeout occurred during multi-stage processing execution pipeline threads.
186,2026-06-29 20:38:00,recommendation-db,ERROR,Maximum connections reached: cannot allocate transaction pipeline threads to worker blocks.
187,2026-06-29 20:38:00,recommendation-db,ERROR,Connection pool exhausted on master application database clusters.
188,2026-06-29 20:39:00,recommendation-db,ERROR,Maximum connections reached: cannot allocate transaction pipeline threads to worker blocks.
189,2026-06-29 20:40:00,recommendation-db,ERROR,Maximum connections reached: cannot allocate transaction pipeline threads to worker blocks.
190,2026-06-29 20:40:00,recommendation-db,ERROR,Connection pool exhausted on master application database clusters.
191,2026-06-29 20:40:00,recommendation-api,ERROR,Recommendation request timeout occurred during multi-stage processing execution pipeline threads.
192,2026-06-29 20:41:00,recommendation-db,ERROR,Connection pool exhausted on master application database clusters.
193,2026-06-29 20:42:00,recommendation-db,ERROR,Maximum connections reached: cannot allocate transaction pipeline threads to worker blocks.
194,2026-06-29 20:42:00,recommendation-api,ERROR,Recommendation request timeout occurred during multi-stage processing execution pipeline threads.
196,2026-06-29 20:43:00,recommendation-api,ERROR,Recommendation request timeout occurred during multi-stage processing execution pipeline threads.
195,2026-06-29 20:43:00,recommendation-db,ERROR,Maximum connections reached: cannot allocate transaction pipeline threads to worker blocks.
198,2026-06-29 20:44:00,recommendation-db,ERROR,Connection pool exhausted on master application database clusters.
197,2026-06-29 20:44:00,recommendation-db,ERROR,Maximum connections reached: cannot allocate transaction pipeline threads to worker blocks.
199,2026-06-29 20:45:00,recommendation-db,ERROR,Maximum connections reached: cannot allocate transaction pipeline threads to worker blocks.
200,2026-06-29 20:45:00,recommendation-db,ERROR,Connection pool exhausted on master application database clusters.
201,2026-06-29 20:46:00,recommendation-db,ERROR,Maximum connections reached: cannot allocate transaction pipeline threads to worker blocks.
202,2026-06-29 20:46:00,recommendation-api,ERROR,Recommendation request timeout occurred during multi-stage processing execution pipeline threads.
203,2026-06-29 20:46:00,recommendation-cache,ERROR,Cache miss processing chain execution stalled due to downstream service connection drops.
204,2026-06-29 20:48:00,recommendation-api,ERROR,Recommendation request timeout occurred during multi-stage processing execution pipeline threads.
205,2026-06-29 20:50:00,recommendation-db,ERROR,Connection pool exhausted on master application database clusters.
206,2026-06-29 20:50:00,recommendation-api,ERROR,Recommendation request timeout occurred during multi-stage processing execution pipeline threads.
207,2026-06-29 20:51:00,recommendation-db,ERROR,Maximum connections reached: cannot allocate transaction pipeline threads to worker blocks.
208,2026-06-29 20:51:00,recommendation-api,ERROR,Recommendation request timeout occurred during multi-stage processing execution pipeline threads.
209,2026-06-29 20:52:00,recommendation-db,ERROR,Maximum connections reached: cannot allocate transaction pipeline threads to worker blocks.
210,2026-06-29 20:53:00,recommendation-db,ERROR,Maximum connections reached: cannot allocate transaction pipeline threads to worker blocks.
211,2026-06-29 20:53:00,recommendation-api,ERROR,Recommendation request timeout occurred during multi-stage processing execution pipeline threads.
214,2026-06-29 20:54:00,recommendation-cache,ERROR,Cache miss processing chain execution stalled due to downstream service connection drops.
212,2026-06-29 20:54:00,recommendation-db,ERROR,Maximum connections reached: cannot allocate transaction pipeline threads to worker blocks.
213,2026-06-29 20:54:00,recommendation-db,ERROR,Connection pool exhausted on master application database clusters.
215,2026-06-29 20:55:00,recommendation-db,ERROR,Connection pool exhausted on master application database clusters.
216,2026-06-29 20:55:00,recommendation-api,ERROR,Recommendation request timeout occurred during multi-stage processing execution pipeline threads.
217,2026-06-29 20:56:00,recommendation-db,ERROR,Connection pool exhausted on master application database clusters.
218,2026-06-29 20:57:00,recommendation-api,ERROR,Recommendation request timeout occurred during multi-stage processing execution pipeline threads.
219,2026-06-29 21:00:00,recommendation-cache,INFO,Restoring configuration parameters: cache refresh interval reset back to 43200 seconds.
220,2026-06-29 21:00:00,recommendation-api,INFO,Applying ingress rate-limiting criteria on gateway endpoints targeting client signature v5.4.
221,2026-06-29 21:03:00,recommendation-db,INFO,Database transaction vacuum cleanups completed successfully.
222,2026-06-29 21:06:00,recommendation-api,INFO,Processing pipeline thread allocation pools back down to safe standard metrics.
223,2026-06-29 21:18:00,recommendation-db,INFO,Database transaction vacuum cleanups completed successfully.
224,2026-06-29 21:25:00,recommendation-api,INFO,Processing pipeline thread allocation pools back down to safe standard metrics.
225,2026-06-29 21:27:00,recommendation-db,INFO,Database transaction vacuum cleanups completed successfully.
